<Foods_Needing_Condiments_Table>
  <Foods_Needing_Condiments_Row>
    <Survey_Food_Code>51208000</Survey_Food_Code>
    <display_name>100% Whole Wheat Bagel</display_name>
    <cond_1_name>Butter</cond_1_name>
    <cond_2_name>Tub margarine</cond_2_name>
    <cond_3_name>Reduced calorie spread (margarine type)</cond_3_name>
    <cond_4_name>Cream cheese (regular)</cond_4_name>
    <cond_5_name>Low fat cream cheese</cond_5_name>
  </Foods_Needing_Condiments_Row>
  <Foods_Needing_Condiments_Row>
    <Survey_Food_Code>58100100</Survey_Food_Code>
    <display_name>Beef burrito (no beans):</display_name>
    <cond_1_name>Sour cream</cond_1_name>
    <cond_2_name>Guacamole</cond_2_name>
    <cond_3_name>Salsa</cond_3_name>
  </Foods_Needing_Condiments_Row>
  <Foods_Needing_Condiments_Row>
    <Survey_Food_Code>58104740</Survey_Food_Code>
    <display_name>Chicken &amp; cheese quesadilla:</display_name>
    <cond_1_name>Sour cream</cond_1_name>
    <cond_2_name>Guacamole</cond_2_name>
    <cond_3_name>Salsa</cond_3_name>
  </Foods_Needing_Condiments_Row>
</Foods_Needing_Condiments_Table>